{
  "outputs": {
    "latest_csv": "/workspace/VM_00/code/results/benchmarks/bench_latest.csv",
    "latest_json": "/workspace/VM_00/code/results/benchmarks/bench_latest.json",
    "run_csv": "/workspace/VM_00/code/results/benchmarks/bench_20260103-030333.csv",
    "run_json": "/workspace/VM_00/code/results/benchmarks/bench_20260103-030333.json"
  },
  "results": [
    {
      "duration_mean_s": 0.24330724775791168,
      "duration_median_s": 0.24901776760816574,
      "duration_stdev_s": 0.01183636673484399,
      "durations_s": [
        0.2510986253619194,
        0.23304388672113419,
        0.24901776760816574,
        0.2531276047229767,
        0.22904565930366516,
        0.25960517674684525,
        0.2237410992383957,
        0.23833297193050385,
        0.2527524381875992
      ],
      "metric": "points_per_s",
      "name": "kdtree.bulk_insert",
      "params": {
        "capacity": 32,
        "depth_max": 10,
        "dim": 32,
        "n_points": 60000
      },
      "trials": 9,
      "unit": "points/s",
      "value_mean": 247196.92127460477,
      "value_median": 240946.6624663151,
      "value_stdev": 12241.759624008244,
      "values": [
        238949.9341683746,
        257462.23530762433,
        240946.6624663151,
        237034.5978885397,
        261956.50326842885,
        231120.1985718073,
        268167.09225188044,
        251748.63349371383,
        237386.43405475875
      ]
    },
    {
      "duration_mean_s": 0.632510835925738,
      "duration_median_s": 0.6295889988541603,
      "duration_stdev_s": 0.01168677091068028,
      "durations_s": [
        0.6540581807494164,
        0.6426482126116753,
        0.6295889988541603,
        0.6185620799660683,
        0.6163459941744804,
        0.6249692067503929,
        0.6375758647918701,
        0.627079114317894,
        0.6417698711156845
      ],
      "metric": "transitions_per_s",
      "name": "glpe.compute_batch",
      "params": {
        "batch": 16384,
        "depth_max": 10,
        "device": "cpu",
        "gate_cache_interval": 64,
        "hidden": 64,
        "n_actions": 6,
        "obs_dim": 8,
        "phi_dim": 32,
        "prefill": 0,
        "region_capacity": 32
      },
      "trials": 9,
      "unit": "transitions/s",
      "value_mean": 129559.56259057164,
      "value_median": 130116.63188062816,
      "value_stdev": 2381.472192556417,
      "values": [
        125248.79653081704,
        127472.54001856338,
        130116.63188062816,
        132436.18167556243,
        132912.35892547944,
        131078.45813068692,
        128486.6704086139,
        130637.42377882985,
        127647.00196596362
      ]
    },
    {
      "duration_mean_s": 0.21120984686745536,
      "duration_median_s": 0.2139419987797737,
      "duration_stdev_s": 0.01328512392223926,
      "durations_s": [
        0.19649089872837067,
        0.22767455130815506,
        0.2139419987797737,
        0.20915818959474564,
        0.22176534682512283,
        0.19938313215970993,
        0.18724112212657928,
        0.2238457277417183,
        0.22138765454292297
      ],
      "metric": "transitions_per_s",
      "name": "glpe.update",
      "params": {
        "batch": 16384,
        "depth_max": 10,
        "device": "cpu",
        "gate_cache_interval": 64,
        "hidden": 64,
        "n_actions": 6,
        "obs_dim": 8,
        "phi_dim": 32,
        "prefill": 0,
        "region_capacity": 32
      },
      "trials": 9,
      "unit": "transitions/s",
      "value_mean": 233671.5378994799,
      "value_median": 229744.51150470824,
      "value_stdev": 15204.796216442835,
      "values": [
        250148.99070693247,
        215887.10603616518,
        229744.51150470824,
        234999.16544140317,
        221639.6777209729,
        246520.35238682202,
        262506.4379114975,
        219579.79942647574,
        222017.79996034212
      ]
    },
    {
      "duration_mean_s": 0.3325866576698091,
      "duration_median_s": 0.33188775926828384,
      "duration_stdev_s": 0.010719626291124227,
      "durations_s": [
        0.3217247650027275,
        0.34743692725896835,
        0.32747577875852585,
        0.33779846876859665,
        0.33188775926828384,
        0.34324486553668976,
        0.32112280279397964,
        0.345321960747242,
        0.3172665908932686
      ],
      "metric": "transitions_per_s",
      "name": "riac.compute_batch",
      "params": {
        "batch": 16384,
        "depth_max": 10,
        "device": "cpu",
        "hidden": 64,
        "n_actions": 6,
        "obs_dim": 8,
        "phi_dim": 32,
        "prefill": 0,
        "region_capacity": 32
      },
      "trials": 9,
      "unit": "transitions/s",
      "value_mean": 246567.8870308597,
      "value_median": 246830.43502601548,
      "value_stdev": 7949.036413875282,
      "values": [
        254627.58516368954,
        235783.8029661696,
        250155.90560792646,
        242511.460453416,
        246830.43502601548,
        238663.43891819555,
        255104.8984601595,
        237227.88965617292,
        258205.5670259925
      ]
    },
    {
      "duration_mean_s": 0.1819862657123142,
      "duration_median_s": 0.1755468249320984,
      "duration_stdev_s": 0.012193887281669211,
      "durations_s": [
        0.2039722502231598,
        0.19856704771518707,
        0.173198863863945,
        0.16769902408123016,
        0.19227472692728043,
        0.1797371581196785,
        0.1755468249320984,
        0.17368750274181366,
        0.17319299280643463
      ],
      "metric": "transitions_per_s",
      "name": "riac.update",
      "params": {
        "batch": 16384,
        "depth_max": 10,
        "device": "cpu",
        "hidden": 64,
        "n_actions": 6,
        "obs_dim": 8,
        "phi_dim": 32,
        "prefill": 0,
        "region_capacity": 32
      },
      "trials": 9,
      "unit": "transitions/s",
      "value_mean": 271253.03060678334,
      "value_median": 279993.67131255165,
      "value_stdev": 17429.733897913768,
      "values": [
        240973.95575243348,
        247533.518605266,
        283789.39043509524,
        293096.51781987544,
        255634.22081254396,
        273465.99063990987,
        279993.67131255165,
        282990.9994909905,
        283799.01059238386
      ]
    },
    {
      "duration_mean_s": 0.1898959552248319,
      "duration_median_s": 0.1896270364522934,
      "duration_stdev_s": 0.0012291172287974012,
      "durations_s": [
        0.1874072328209877,
        0.190195232629776,
        0.18943408876657486,
        0.19111785292625427,
        0.19147603958845139,
        0.19135689735412598,
        0.1896270364522934,
        0.18925741314888,
        0.1891918033361435
      ],
      "metric": "transitions_per_s",
      "name": "gae.compute_gae",
      "params": {
        "B": 16,
        "T": 128,
        "device": "cpu",
        "gamma": 0.99,
        "lam": 0.95,
        "obs_dim": 8
      },
      "trials": 9,
      "unit": "transitions/s",
      "value_mean": 862824.5068108528,
      "value_median": 864011.8153258123,
      "value_stdev": 5600.854548983927,
      "values": [
        874245.873725166,
        861430.6349040951,
        864891.8527113011,
        857272.0836457919,
        855668.4186290314,
        856201.1731241489,
        864011.8153258123,
        865699.2467244319,
        865999.4625078969
      ]
    },
    {
      "duration_mean_s": 1.7357168975803587,
      "duration_median_s": 1.7329785153269768,
      "duration_stdev_s": 0.04218505288054302,
      "durations_s": [
        1.705164447426796,
        1.6607682183384895,
        1.7190287411212921,
        1.721854493021965,
        1.7329785153269768,
        1.741382509469986,
        1.7899179980158806,
        1.8132770359516144,
        1.7370801195502281
      ],
      "metric": "samples_per_s",
      "name": "ppo.ppo_update",
      "params": {
        "N": 16384,
        "clip_range": 0.2,
        "device": "cpu",